-- INSERTS FOR ACCOUNTS
INSERT INTO accounts (id, name, type, balance) VALUES
('6c35d659-9c19-4332-b553-0fe52a440364', 'Bank Mandiri', 'Bank', 0),
('9e45970a-c1c4-4833-a4d8-c26f8de9deb1', 'Bank Mandiri 2', 'Bank', 0);

-- INSERTS FOR CATEGORIES
INSERT INTO categories (id, name, main_category) VALUES
('053edd87-4543-47c6-a9ae-bf48055212ec', 'Kos', 'Needs'),
('a7be55ec-a253-421f-9cd7-c7ff4004d705', 'Makanan', 'Needs'),
('a8bb7771-4cd0-4ecd-b811-8966af635904', 'Skincare', 'Needs'),
('0f2ba22d-8775-4d43-9cdb-5cbd22299d08', 'Self-reward', 'Wants'),
('4c312ee7-8724-4fbd-adaf-32b246fca88c', 'Transfer', 'Needs'),
('ce830b73-7b70-4327-9882-e464b8e900ef', 'Lainnya', 'Wants'),
('6762230a-051e-4e97-a4e6-2324c4fade6b', 'Monthly Salary', 'Income'),
('93c64ef7-0b1e-4d77-a44a-6cafb8d2d3f9', 'Freelance/Business', 'Income'),
('fe4baee7-b410-47d6-be6d-adeef72cb43c', 'Tabungan', 'Savings'),
('ae96a45d-77f7-4ae4-9ee4-56c77989e82c', 'Emergency', 'Savings');

-- INSERTS FOR TRANSACTIONS (Spending Tracker)
INSERT INTO transactions (id, transaction_date, description, amount, type, category_id, account_id) VALUES
(gen_random_uuid(), '2026-01-01', 'Transfer', 1100000, 'expense', '4c312ee7-8724-4fbd-adaf-32b246fca88c', '6c35d659-9c19-4332-b553-0fe52a440364'),
(gen_random_uuid(), '2026-01-01', 'Sedekah', 152500, 'expense', 'ce830b73-7b70-4327-9882-e464b8e900ef', '6c35d659-9c19-4332-b553-0fe52a440364'),
(gen_random_uuid(), '2026-01-01', 'Fee Transfer', 2500, 'expense', 'ce830b73-7b70-4327-9882-e464b8e900ef', '6c35d659-9c19-4332-b553-0fe52a440364'),
(gen_random_uuid(), '2026-01-01', 'Gojek', 36000, 'expense', 'ce830b73-7b70-4327-9882-e464b8e900ef', '6c35d659-9c19-4332-b553-0fe52a440364'),
(gen_random_uuid(), '2026-01-01', 'KRL', 9000, 'expense', 'ce830b73-7b70-4327-9882-e464b8e900ef', '6c35d659-9c19-4332-b553-0fe52a440364'),
(gen_random_uuid(), '2026-01-01', 'Telur dll', 74800, 'expense', 'ce830b73-7b70-4327-9882-e464b8e900ef', '6c35d659-9c19-4332-b553-0fe52a440364'),
(gen_random_uuid(), '2026-01-01', 'Jajan', 40000, 'expense', 'a7be55ec-a253-421f-9cd7-c7ff4004d705', '6c35d659-9c19-4332-b553-0fe52a440364'),
(gen_random_uuid(), '2026-01-01', 'Skincare + Make up', 138902, 'expense', 'a8bb7771-4cd0-4ecd-b811-8966af635904', '6c35d659-9c19-4332-b553-0fe52a440364'),
(gen_random_uuid(), '2026-01-01', 'Bensin', 45000, 'expense', 'ce830b73-7b70-4327-9882-e464b8e900ef', '6c35d659-9c19-4332-b553-0fe52a440364'),
(gen_random_uuid(), '2026-01-01', 'Dimsum', 28000, 'expense', 'a7be55ec-a253-421f-9cd7-c7ff4004d705', '6c35d659-9c19-4332-b553-0fe52a440364'),
(gen_random_uuid(), '2026-01-01', 'Kuota Cely', 50000, 'expense', 'ce830b73-7b70-4327-9882-e464b8e900ef', '6c35d659-9c19-4332-b553-0fe52a440364'),
(gen_random_uuid(), '2026-01-01', 'Udunan Ka DTU', 50000, 'expense', 'ce830b73-7b70-4327-9882-e464b8e900ef', '6c35d659-9c19-4332-b553-0fe52a440364'),
(gen_random_uuid(), '2026-01-01', 'Udunan Ka PEM', 16000, 'expense', 'ce830b73-7b70-4327-9882-e464b8e900ef', '6c35d659-9c19-4332-b553-0fe52a440364'),
(gen_random_uuid(), '2026-01-01', 'Moisturizer', 36500, 'expense', 'a8bb7771-4cd0-4ecd-b811-8966af635904', '6c35d659-9c19-4332-b553-0fe52a440364'),
(gen_random_uuid(), '2026-01-02', 'Restock', 50400, 'expense', 'ce830b73-7b70-4327-9882-e464b8e900ef', '6c35d659-9c19-4332-b553-0fe52a440364'),
(gen_random_uuid(), '2026-01-02', 'Stok Jajan', 145300, 'expense', 'a7be55ec-a253-421f-9cd7-c7ff4004d705', '6c35d659-9c19-4332-b553-0fe52a440364'),
(gen_random_uuid(), '2026-01-10', 'Bioskop', 49500, 'expense', '0f2ba22d-8775-4d43-9cdb-5cbd22299d08', '6c35d659-9c19-4332-b553-0fe52a440364'),
(gen_random_uuid(), '2026-01-10', 'Popcorn', 105000, 'expense', '0f2ba22d-8775-4d43-9cdb-5cbd22299d08', '6c35d659-9c19-4332-b553-0fe52a440364'),
(gen_random_uuid(), '2026-01-10', 'Bensin', 45085, 'expense', 'ce830b73-7b70-4327-9882-e464b8e900ef', '6c35d659-9c19-4332-b553-0fe52a440364'),
(gen_random_uuid(), '2026-01-11', 'Jajan main aeon', 160000, 'expense', 'ce830b73-7b70-4327-9882-e464b8e900ef', '6c35d659-9c19-4332-b553-0fe52a440364'),
(gen_random_uuid(), '2026-01-11', 'Eskrim', 19000, 'expense', 'ce830b73-7b70-4327-9882-e464b8e900ef', '6c35d659-9c19-4332-b553-0fe52a440364'),
(gen_random_uuid(), '2026-01-11', 'Mam', 658000, 'expense', 'a7be55ec-a253-421f-9cd7-c7ff4004d705', '6c35d659-9c19-4332-b553-0fe52a440364'),
(gen_random_uuid(), '2026-01-12', 'Stirrer', 37150, 'expense', 'ce830b73-7b70-4327-9882-e464b8e900ef', '6c35d659-9c19-4332-b553-0fe52a440364'),
(gen_random_uuid(), '2026-01-12', 'Batre', 22400, 'expense', 'ce830b73-7b70-4327-9882-e464b8e900ef', '6c35d659-9c19-4332-b553-0fe52a440364'),
(gen_random_uuid(), '2026-01-12', 'Jajan', 43600, 'expense', 'a7be55ec-a253-421f-9cd7-c7ff4004d705', '6c35d659-9c19-4332-b553-0fe52a440364'),
(gen_random_uuid(), '2026-01-13', 'Jajan', 44900, 'expense', 'a7be55ec-a253-421f-9cd7-c7ff4004d705', '6c35d659-9c19-4332-b553-0fe52a440364'),
(gen_random_uuid(), '2026-01-13', 'Soptek', 135925, 'expense', 'ce830b73-7b70-4327-9882-e464b8e900ef', '6c35d659-9c19-4332-b553-0fe52a440364'),
(gen_random_uuid(), '2026-01-15', 'LRT', 20000, 'expense', 'ce830b73-7b70-4327-9882-e464b8e900ef', '6c35d659-9c19-4332-b553-0fe52a440364'),
(gen_random_uuid(), '2026-01-16', 'Infaq', 22000, 'expense', 'ce830b73-7b70-4327-9882-e464b8e900ef', '6c35d659-9c19-4332-b553-0fe52a440364'),
(gen_random_uuid(), '2026-01-16', 'J.CO', 87000, 'expense', 'ce830b73-7b70-4327-9882-e464b8e900ef', '6c35d659-9c19-4332-b553-0fe52a440364'),
(gen_random_uuid(), '2026-01-18', 'Teratu', 129714, 'expense', 'ce830b73-7b70-4327-9882-e464b8e900ef', '6c35d659-9c19-4332-b553-0fe52a440364'),
(gen_random_uuid(), '2026-01-19', 'Nginep Cely', 50683, 'expense', 'ce830b73-7b70-4327-9882-e464b8e900ef', '6c35d659-9c19-4332-b553-0fe52a440364'),
(gen_random_uuid(), '2026-01-19', 'Kos', 1500000, 'expense', '053edd87-4543-47c6-a9ae-bf48055212ec', '6c35d659-9c19-4332-b553-0fe52a440364'),
(gen_random_uuid(), '2026-01-19', 'Grab', 16499, 'expense', 'ce830b73-7b70-4327-9882-e464b8e900ef', '6c35d659-9c19-4332-b553-0fe52a440364'),
(gen_random_uuid(), '2026-01-19', 'Ongkos', 59000, 'expense', 'ce830b73-7b70-4327-9882-e464b8e900ef', '6c35d659-9c19-4332-b553-0fe52a440364'),
(gen_random_uuid(), '2026-01-19', 'Grab', 11000, 'expense', 'ce830b73-7b70-4327-9882-e464b8e900ef', '6c35d659-9c19-4332-b553-0fe52a440364'),
(gen_random_uuid(), '2026-01-20', 'Kuota', 245000, 'expense', 'ce830b73-7b70-4327-9882-e464b8e900ef', '6c35d659-9c19-4332-b553-0fe52a440364'),
(gen_random_uuid(), '2026-01-20', 'Mam', 118000, 'expense', 'a7be55ec-a253-421f-9cd7-c7ff4004d705', '6c35d659-9c19-4332-b553-0fe52a440364'),
(gen_random_uuid(), '2026-01-20', 'Mam', 31000, 'expense', 'a7be55ec-a253-421f-9cd7-c7ff4004d705', '6c35d659-9c19-4332-b553-0fe52a440364'),
(gen_random_uuid(), '2026-01-21', 'Mam', 53000, 'expense', 'a7be55ec-a253-421f-9cd7-c7ff4004d705', '6c35d659-9c19-4332-b553-0fe52a440364'),
(gen_random_uuid(), '2026-01-22', 'Bensin', 30000, 'expense', 'ce830b73-7b70-4327-9882-e464b8e900ef', '6c35d659-9c19-4332-b553-0fe52a440364'),
(gen_random_uuid(), '2026-02-01', 'Fee Transfer', 325, 'expense', 'ce830b73-7b70-4327-9882-e464b8e900ef', '6c35d659-9c19-4332-b553-0fe52a440364'),
(gen_random_uuid(), '2026-02-01', 'Sedekah', 152500, 'expense', 'ce830b73-7b70-4327-9882-e464b8e900ef', '6c35d659-9c19-4332-b553-0fe52a440364'),
(gen_random_uuid(), '2026-02-01', 'Transfer', 1100000, 'expense', '4c312ee7-8724-4fbd-adaf-32b246fca88c', '6c35d659-9c19-4332-b553-0fe52a440364'),
(gen_random_uuid(), '2026-02-01', 'Mam', 1000000, 'expense', 'a7be55ec-a253-421f-9cd7-c7ff4004d705', '6c35d659-9c19-4332-b553-0fe52a440364'),
(gen_random_uuid(), '2026-02-01', 'Kado Aa', 82650, 'expense', 'ce830b73-7b70-4327-9882-e464b8e900ef', '6c35d659-9c19-4332-b553-0fe52a440364'),
(gen_random_uuid(), '2026-02-01', 'Kos', 1500000, 'expense', '053edd87-4543-47c6-a9ae-bf48055212ec', '6c35d659-9c19-4332-b553-0fe52a440364'),
(gen_random_uuid(), '2026-02-01', 'Kado Aa', 369000, 'expense', 'ce830b73-7b70-4327-9882-e464b8e900ef', '6c35d659-9c19-4332-b553-0fe52a440364'),
(gen_random_uuid(), '2026-02-01', 'Mam', 108458, 'expense', 'a7be55ec-a253-421f-9cd7-c7ff4004d705', '6c35d659-9c19-4332-b553-0fe52a440364'),
(gen_random_uuid(), '2026-02-01', 'Buah', 32000, 'expense', 'a7be55ec-a253-421f-9cd7-c7ff4004d705', '6c35d659-9c19-4332-b553-0fe52a440364'),
(gen_random_uuid(), '2026-02-01', 'Sendal', 200000, 'expense', '0f2ba22d-8775-4d43-9cdb-5cbd22299d08', '6c35d659-9c19-4332-b553-0fe52a440364'),
(gen_random_uuid(), '2026-02-01', 'Sendal', 23985, 'expense', 'ce830b73-7b70-4327-9882-e464b8e900ef', '6c35d659-9c19-4332-b553-0fe52a440364'),
(gen_random_uuid(), '2026-02-01', 'Grab', 11000, 'expense', 'ce830b73-7b70-4327-9882-e464b8e900ef', '6c35d659-9c19-4332-b553-0fe52a440364'),
(gen_random_uuid(), '2026-02-01', 'Jajan Indomaret', 54000, 'expense', 'ce830b73-7b70-4327-9882-e464b8e900ef', '6c35d659-9c19-4332-b553-0fe52a440364'),
(gen_random_uuid(), '2026-02-01', 'Koko Azqa', 203170, 'expense', 'ce830b73-7b70-4327-9882-e464b8e900ef', '6c35d659-9c19-4332-b553-0fe52a440364'),
(gen_random_uuid(), '2026-02-01', 'Udunan', 30337, 'expense', 'ce830b73-7b70-4327-9882-e464b8e900ef', '6c35d659-9c19-4332-b553-0fe52a440364'),
(gen_random_uuid(), '2026-02-01', 'Sendal Kaka', 100992, 'expense', 'ce830b73-7b70-4327-9882-e464b8e900ef', '6c35d659-9c19-4332-b553-0fe52a440364'),
(gen_random_uuid(), '2026-02-09', 'Bensin', 40000, 'expense', 'ce830b73-7b70-4327-9882-e464b8e900ef', '6c35d659-9c19-4332-b553-0fe52a440364'),
(gen_random_uuid(), '2026-02-10', 'Udunan ka LVR', 16000, 'expense', 'ce830b73-7b70-4327-9882-e464b8e900ef', '6c35d659-9c19-4332-b553-0fe52a440364'),
(gen_random_uuid(), '2026-02-10', 'Buah', 32000, 'expense', 'a7be55ec-a253-421f-9cd7-c7ff4004d705', '6c35d659-9c19-4332-b553-0fe52a440364'),
(gen_random_uuid(), '2026-02-10', 'Jus', 16000, 'expense', 'a7be55ec-a253-421f-9cd7-c7ff4004d705', '6c35d659-9c19-4332-b553-0fe52a440364'),
(gen_random_uuid(), '2026-02-12', 'Cibay', 8330, 'expense', 'a7be55ec-a253-421f-9cd7-c7ff4004d705', '6c35d659-9c19-4332-b553-0fe52a440364'),
(gen_random_uuid(), '2026-02-13', 'Kereta', 23300, 'expense', 'ce830b73-7b70-4327-9882-e464b8e900ef', '6c35d659-9c19-4332-b553-0fe52a440364'),
(gen_random_uuid(), '2026-02-14', 'Admin bank', 7500, 'expense', 'ce830b73-7b70-4327-9882-e464b8e900ef', '6c35d659-9c19-4332-b553-0fe52a440364'),
(gen_random_uuid(), '2026-02-16', 'Sedekah', 5000, 'expense', 'ce830b73-7b70-4327-9882-e464b8e900ef', '6c35d659-9c19-4332-b553-0fe52a440364');

-- INSERTS FOR INCOME TRANSACTIONS
